<?xml version="1.0.0" encoding="UTF-8"?>
<addon id="amai-repo" version="1.0.2" name="Amaimon Repository for Kodi" provider-name="Amaimon">
  <extension point="xbmc.addon.repository" name="Amaimon Repository for Kodi">
    <dir minversion="18.0.0" maxversion="18.9.9">
        <info compressed="false">https://raw.githubusercontent.com/YOUR_USERNAME_HERE/REPOSITORY_NAME_HERE/DEFAULT_BRANCH_NAME_HERE/leia/zips/addons.xml</info>
        <checksum>https://raw.githubusercontent.com/YOUR_USERNAME_HERE/REPOSITORY_NAME_HERE/DEFAULT_BRANCH_NAME_HERE/leia/zips/addons.xml.md5</checksum>
        <datadir zip="true">https://raw.githubusercontent.com/YOUR_USERNAME_HERE/REPOSITORY_NAME_HERE/DEFAULT_BRANCH_NAME_HERE/leia/zips/</datadir>
    </dir>
    <dir minversion="19.0.0" maxversion="19.9.9">
        <info compressed="false">https://raw.githubusercontent.com/YOUR_USERNAME_HERE/REPOSITORY_NAME_HERE/DEFAULT_BRANCH_NAME_HERE/leia/zips/addons.xml</info>
        <checksum>https://raw.githubusercontent.com/YOUR_USERNAME_HERE/REPOSITORY_NAME_HERE/DEFAULT_BRANCH_NAME_HERE/leia/zips/addons.xml.md5</checksum>
        <datadir zip="true">https://raw.githubusercontent.com/YOUR_USERNAME_HERE/REPOSITORY_NAME_HERE/DEFAULT_BRANCH_NAME_HERE/leia/zips/</datadir>
    </dir>
    <dir minversion="20.0.0" maxversion="20.9.9">
        <info compressed="false">https://raw.githubusercontent.com/Amaimoncz/REPOSITORY_NAME_HERE/DEFAULT_BRANCH_NAME_HERE/leia/zips/addons.xml</info>
        <checksum>https://raw.githubusercontent.com/YOUR_USERNAME_HERE/REPOSITORY_NAME_HERE/DEFAULT_BRANCH_NAME_HERE/leia/zips/addons.xml.md5</checksum>
        <datadir zip="true">https://raw.githubusercontent.com/YOUR_USERNAME_HERE/REPOSITORY_NAME_HERE/DEFAULT_BRANCH_NAME_HERE/leia/zips/</datadir>
    </dir>

    <dir>
      <info>https://raw.githubusercontent.com/Amaimoncz/kodi_builds/main/v18/addons.xml</info>
      <checksum>https://raw.githubusercontent.com/Amaimoncz/kodi_builds/main/v18/addons.xml.md5</checksum>
      <datadir zip="true">https://raw.githubusercontent.com/Amaimoncz/kodi_builds/main/v18/</datadir>
    </dir>
  </extension>
  <extension point="xbmc.addon.metadata">
    <summary lang="en_GB">Repository Amaimon for Kodi</summary>
    <summary lang="cs">Repozitář Amaimon pro Kodi</summary>
    <description lang="en_GB">Repository for Kodi skins and others plugins</description>
    <description lang="cs">Repozitář pro skiny a další doplňky pro Kodi Leia</description>
    <platform>all</platform>
    <language>en cs</language>
    <assets>
      <icon>icon.png</icon>
    </assets>
  </extension>
</addon>
